{
  "interactionModel": {
    "languageModel": {
      "invocationName": "talking tom",
      "intents": [
        {
          "name": "AMAZON.CancelIntent",
          "samples": []
        },
        {
          "name": "AMAZON.HelpIntent",
          "samples": []
        },
        {
          "name": "AMAZON.StopIntent",
          "samples": []
        },
        {
          "name": "AMAZON.NavigateHomeIntent",
          "samples": []
        },
        {
          "name": "HelloWorldIntent",
          "slots": [],
          "samples": [
            "hello",
            "how are you",
            "say hi world",
            "say hi",
            "hi",
            "say hello world",
            "say hello"
          ]
        },
        {
          "name": "AMAZON.FallbackIntent",
          "samples": []
        },
        {
          "name": "repeataftermeIntent",
          "slots": [
            {
              "name": "tom",
              "type": "AMAZON.SearchQuery"
            }
          ],
          "samples": [
            "repeat {tom}",
            "talk back {tom}",
            "repeat my words {tom}",
            "repeat after me {tom}"
          ]
        },
        {
          "name": "AMAZON.RepeatIntent",
          "samples": []
        }
      ],
      "types": []
    }
  },
  "version": "4"
}