{
  "manifest": {
    "apis": {
      "custom": {
        "endpoint": {
          "uri": "arn:aws:lambda:eu-west-1:737181670994:function:a885e540-61a8-4b50-9b87-f39b06728f0e:Release_0"
        },
        "interfaces": [],
        "regions": {
          "NA": {
            "endpoint": {
              "uri": "arn:aws:lambda:us-east-1:737181670994:function:a885e540-61a8-4b50-9b87-f39b06728f0e:Release_0"
            }
          },
          "EU": {
            "endpoint": {
              "uri": "arn:aws:lambda:eu-west-1:737181670994:function:a885e540-61a8-4b50-9b87-f39b06728f0e:Release_0"
            }
          },
          "FE": {
            "endpoint": {
              "uri": "arn:aws:lambda:us-west-2:737181670994:function:a885e540-61a8-4b50-9b87-f39b06728f0e:Release_0"
            }
          }
        }
      }
    },
    "manifestVersion": "1.0",
    "publishingInformation": {
      "category": "KNOWLEDGE_AND_TRIVIA",
      "distributionCountries": [],
      "isAvailableWorldwide": true,
      "locales": {
        "en-IN": {
          "name": "Talking Tom"
        }
      },
      "testingInstructions": "Sample Testing Instructions."
    }
  }
}